{"5":[2.0805797413220133e-5,7.544445804038495e-7,8.166064006881544e-6,5.537751333236835e-7,2.705875014730305e-7,2.0516921495070788e-13,1.9940325666215e-6,3.3952937403403913e-6,1.0514548089357102e-5,3.0209143262348905e-6,2.1625243201066272e-6,4.128976668774533e-6,7.92902462620224e-6,0.00017023330334623284,4.292385067649891e-7,0.00015869424361101748,0.00014462404904519522,0.0001296173643630486,1.3290774797131025e-6,2.8681913868230485e-5,1.673195040574007e-5,2.2919657310844923e-5,3.0209143263398176e-6,2.1625243200761798e-6,4.128976668473667e-6,6.9274356439338265e-6,7.310067359584676e-6,3.6957785923059387e-6,3.3952937405820684e-6,9.265640174511592e-5,0.00011771846679102219,9.265640174509584e-5,0.00011771846679102571,2.664518246418532e-5,0.0001275753431980669,4.719107506577903e-6,1.6265517150251206e-6,7.544445804324995e-7,8.166064006937652e-6,1.6853581236081153e-7,4.0460609914508034e-7,3.722362443497689e-7,4.319283018782005e-7,3.0209143265802055e-6,2.8681913868098565e-5,9.235212549436997e-7,1.2697640951619298e-7,1.861695093611658e-7,4.213827230757468e-7,2.986778365966016e-7,8.525983677238328e-6,8.166064006809336e-6,5.537751335795552e-7,2.70587501378793e-7,3.3952937406535427e-6,9.265640174494916e-5,0.0001177184667911024,5.1085469071557736e-5,2.1599104324658475e-5,3.395293740176375e-6,7.544445804181881e-7,2.8329639854928704e-5,2.83296398548501e-5,1.6853581216253128e-7,3.116383676623921e-7,3.3952937406206203e-6,8.525983676937977e-6,0.00011771846679103666,2.6238309465680676e-5,2.1599104324824103e-5,0.00016197440943449494,5.286380552676302e-6,5.709688056356867e-7,1.573490291006401e-6,0.00014606150816051362,1.3897474408748226e-5,0.00014995168336975166,3.395293740575851e-6,3.3952937406192616e-6,7.544445805521955e-7,1.2734130046729438e-5,5.537751335027124e-7,5.10089902413754e-7,1.960591898813113e-7,3.0209143262850044e-6,2.1625243200263675e-6,2.2919657310715072e-5,3.395293740413287e-6,3.0209143261140494e-6,1.0514548089450418e-5,2.2919657310765552e-5,2.832963985494177e-5,1.96459887198794e-7,3.1163836774965683e-7,2.4012972937032385e-7,2.9867783662422163e-7,3.589808567365429e-7,9.265640174489595e-5],"4":[7.995231457223939e-6,2.467835704306556e-5,8.364384082028189e-6,1.8972855294745205e-6,1.0470740591561451e-6,0.0,4.779474394210549e-6,0.0011406383262861047,9.481982533415519e-5,0.0030499734281545583,0.0009073325911097294,1.2302036322513416e-5,0.00019170835523921892,7.980940784308397e-5,2.5348834074099794e-5,2.4643221608315206e-5,1.6503560273526766e-5,3.8118439512371555e-5,2.917822923984411e-6,3.199947892018086e-6,5.676201688990668e-6,3.6763845161156677e-6,0.003049973428154665,0.0009073325911096801,1.2302036322231876e-5,3.8412957204010185e-5,0.00011826440527322099,7.66799412790034e-5,0.0011406383262863571,5.114720533596647e-6,3.807061898237487e-5,5.114720533588908e-6,3.807061898239493e-5,1.3139839954261957e-6,1.0275487277593071e-5,0.00011367560420982845,1.4666442286870808e-5,2.467835704306144e-5,8.364384082084025e-6,9.289499844102847e-7,1.4915462142651054e-6,1.274628721650766e-6,8.509836819979382e-7,0.003049973428154908,3.1999478918936196e-6,6.121414965245208e-6,8.335143064251493e-7,7.188089918538286e-7,1.014243010811175e-6,7.085535649818721e-7,0.0017666417743041178,8.364384081959667e-6,1.8972855297138581e-6,1.047074059100756e-6,0.0011406383262864282,5.1147205334123324e-6,3.807061898247565e-5,3.8981819454108775e-5,2.30068662168099e-5,0.001140638326285952,2.467835704304832e-5,8.52682264187215e-7,8.526822641010751e-7,9.289499842021721e-7,7.564767935792488e-7,0.001140638326286404,0.0017666417743038116,3.807061898240393e-5,1.2592919234829413e-6,2.3006866216987275e-5,6.876111809573502e-5,1.2938866072906144e-5,2.5741119339080525e-5,1.8702527369634993e-5,2.849850539601758e-5,6.548184560762778e-5,4.4853604853154405e-5,0.0011406383262863428,0.0011406383262864126,2.467835704318439e-5,3.2241610903711534e-6,1.8972855296371508e-6,1.7766568466176427e-6,1.6665317658955256e-6,0.00304997342815462,0.0009073325911096539,3.67638451597422e-6,0.0011406383262861828,0.0030499734281544334,9.481982533422777e-5,3.67638451604327e-6,8.526822642170441e-7,4.82671734427156e-7,7.564767936389647e-7,1.1365363832688461e-6,7.085535649761258e-7,1.465397127983046e-6,5.114720533380755e-6],"6":[6.947407072708861e-6,2.4686144987207692e-5,3.403211203118373e-5,5.7714164319295024e-5,3.703301229164149e-5,4.804700122581948e-7,4.403442997834994e-6,2.0028568955178047e-6,4.097254484980389e-7,2.5775690819872826e-6,1.6503739591506221e-6,2.8160094361866494e-7,1.1490100217201162e-6,4.359150757024225e-7,5.832431055691227e-6,2.6696317188373064e-6,4.900360090199043e-6,6.466735119161665e-6,1.540490356870052e-6,3.981857451270147e-6,7.975733762623352e-7,1.5405739813558568e-6,2.5775690821101024e-6,1.6503739590967737e-6,2.8160094332325203e-7,4.941612575525457e-7,1.1278122275810146e-6,3.918895075545837e-6,2.002856895767747e-6,1.6541525130996104e-6,3.986490565653629e-6,1.6541525131130545e-6,3.9864905656724944e-6,1.4506556549309974e-6,2.0743424492756397e-6,4.056936171841596e-6,9.60637076647849e-7,2.4686144987209657e-5,3.403211203122924e-5,1.0373344846711859e-6,3.3305302396172725e-6,3.6563312973236976e-5,2.1078405260006384e-5,2.577569082348078e-6,3.981857451145816e-6,5.370886118413744e-6,1.8639471452720432e-5,4.281214029390092e-6,1.5966021315397814e-6,3.665561615535258e-5,6.060083461568148e-6,3.4032112031096384e-5,5.7714164319534227e-5,3.7033012291552754e-5,2.0028568958362417e-6,1.6541525129365735e-6,3.986490565781179e-6,8.432218724619013e-6,1.5430726992778809e-6,2.0028568953728054e-6,2.4686144987198924e-5,3.965012655148153e-6,3.9650126550743864e-6,1.0373344845068886e-6,1.8158572575244025e-6,2.0028568958358216e-6,6.060083461277704e-6,3.986490565725891e-6,2.4846325083941834e-6,1.5430726994165097e-6,4.798409280016039e-6,4.521809017198512e-6,1.3760282364822239e-5,4.640200118600584e-6,1.6163134369684366e-6,2.8681268280260734e-6,3.39032003474407e-6,2.0028568957479673e-6,2.0028568958189216e-6,2.4686144987332646e-5,3.1249870419426584e-6,5.771416431945161e-5,2.780154190998098e-6,2.0812372240619977e-6,2.577569082069411e-6,1.6503739590772073e-6,1.5405739812422697e-6,2.0028568955990657e-6,2.5775690818845477e-6,4.0972544858504614e-7,1.5405739812874945e-6,3.965012655183901e-6,7.605043596821678e-6,1.8158572575838574e-6,2.0570418039177637e-5,3.665561615538564e-5,8.872235365218467e-6,1.6541525128809404e-6],