{"5":[0.0553805897427041,0.0134274593545654,0.003701232438373676,0.005068446537515195,0.004295013462457781,0.02183797044377762,0.00679518423611596,0.0012540052546603023,0.002855120751864982,0.025251001075079046,0.0032805915400682334,0.00028072722326108164,0.000645932149457676,0.005481194863062948,0.005008042871986847,0.006769906822053528,0.006267495795427115,0.006999445337246474,0.0075471128912192095,0.016197327611254555,0.03805580752469446,0.01137236140635713,0.025251001075079132,0.003280591540068203,0.00028072722326078403,0.0007053808830454374,0.0012882237989866156,0.0041641063733537775,0.0012540052546605373,0.015732863543826903,0.0027391783104655353,0.01573286354382687,0.0027391783104655683,0.0026143562476691916,0.0050386849750484325,0.004529928857660017,0.00668133138870175,0.01342745935456545,0.0037012324383737197,0.006708374757550006,0.004713869136191572,0.00791430713221658,0.009464208156923639,0.02525100107507936,0.0161973276112544,0.0038609619178689115,0.005822599760839612,0.003917643424575722,0.009480412056778829,0.009254326606435574,0.004661528060506325,0.0037012324383736113,0.00506844653751545,0.004295013462457713,0.0012540052546606045,0.015732863543826716,0.002739178310465636,0.005706556155538351,0.004444822371476658,0.001254005254660137,0.013427459354565413,0.011334464403273606,0.011334464403273539,0.006708374757549835,0.0031469711388255614,0.0012540052546606037,0.004661528060505998,0.0027391783104655752,0.0035777097165169843,0.0044448223714768234,0.006768946242898497,0.007114110146638708,0.006556972371846161,0.006723481027671537,0.007548088177047288,0.007644274907474064,0.007646069602320459,0.00125400525466054,0.0012540052546605959,0.013427459354565525,0.004332456333862336,0.005068446537515361,0.008628553196094922,0.00785157957591345,0.025251001075079074,0.003280591540068164,0.011372361406357001,0.0012540052546603682,0.025251001075078904,0.002855120751865091,0.011372361406357043,0.011334464403273655,0.007212042889156254,0.003146971138825649,0.0074012258873362175,0.00925432660643557,0.010234021165667387,0.015732863543826688],"4":[0.03713964953472451,0.009585498742440551,0.006689482395143305,0.007398464340555338,0.0077076352143371045,0.07415185615557135,0.010015892966350541,0.011713981596660678,0.001362199797196123,0.012935213243931975,0.002328276249942579,0.0004843004323545789,0.0017783910381974856,0.00793909243653837,0.006525207687780298,0.006326079360912578,0.006916888803829637,0.00671695224157636,0.006847273445594809,0.009165854062971556,0.03036702774331216,0.010729618853716132,0.012935213243932079,0.0023282762499425456,0.0004843004323542623,0.0009874297160722563,0.002234693648270602,0.006684116889978558,0.011713981596660948,0.011181020747053901,0.005080079213975684,0.011181020747053912,0.0050800792139757195,0.005792530179019936,0.005656429377552636,0.007784881081806378,0.006514915151129001,0.009585498742440572,0.006689482395143368,0.006846390010289602,0.008391439331710375,0.008089084134496606,0.008723746290517016,0.01293521324393231,0.009165854062971407,0.006391027633876615,0.006840618356951775,0.008308433578308082,0.008328540150496933,0.008762624429548222,0.003973840851591315,0.006689482395143258,0.007398464340555589,0.00770763521433701,0.011713981596661031,0.011181020747053745,0.005080079213975817,0.007673174024521649,0.007076372402800865,0.011713981596660527,0.009585498742440537,0.005971159668851931,0.005971159668851858,0.006846390010289386,0.008325488241312158,0.011713981596660988,0.003973840851591002,0.005080079213975729,0.00579268675580885,0.007076372402801061,0.0065460285542057565,0.007431056261449926,0.006255866068294482,0.006515311992138704,0.006846689525906822,0.006602509879560022,0.006027474013759747,0.011713981596660943,0.011713981596661,0.009585498742440673,0.007078106817248724,0.007398464340555506,0.008169954709291334,0.00821866487410229,0.01293521324393203,0.0023282762499425153,0.01072961885371599,0.01171398159666076,0.012935213243931853,0.001362199797196212,0.010729618853716026,0.005971159668851967,0.0071757395915845335,0.008325488241312236,0.008111984154256442,0.008762624429548258,0.00838279838040329,0.011181020747053714],"6":[0.03404380765746716,0.015758647697285563,0.009313690692984341,0.00895447955479356,0.00896943593433289,0.019261141127630176,0.015327492560154286,0.011049870134616783,0.0020292678237081967,0.012566035392079873,0.002900395010189217,0.0027978801809574114,0.0035864788579903616,0.01068492309459469,0.011134108803760739,0.010780609651228706,0.0113889425973351,0.01122028881244415,0.011882703970317121,0.01640206954054771,0.03969691199560572,0.01176681200029614,0.012566035392079978,0.0029003950101891647,0.0027978801809570857,0.003538709159521694,0.003897645988073001,0.010365595813608953,0.011049870134617022,0.012252574995486695,0.007391374581360783,0.012252574995486685,0.0073913745813608146,0.00913766801998186,0.010678097626454483,0.01099896876329826,0.011250124930145648,0.015758647697285588,0.009313690692984392,0.008787497766266378,0.008801205847583248,0.00887177960527398,0.008837045676551298,0.012566035392080219,0.016402069540547584,0.009817126754787638,0.008536035043269816,0.008938953682572715,0.008906780131845744,0.009001359846618878,0.00655689144119988,0.009313690692984272,0.008954479554793785,0.008969435934332802,0.011049870134617099,0.012252574995486501,0.007391374581360894,0.010230511332615188,0.009914054389130803,0.011049870134616611,0.015758647697285594,0.008674315770969079,0.008674315770969002,0.008787497766266188,0.008764393957119962,0.011049870134617074,0.006556891441199581,0.007391374581360825,0.009171652286706211,0.009914054389130985,0.011580050439580599,0.011037023456919074,0.01117017407871251,0.011305083883699236,0.01094696354038751,0.011514088189034695,0.011225107397430517,0.011049870134617019,0.011049870134617078,0.015758647697285716,0.009251682724551492,0.008954479554793721,0.00861218332959978,0.008980720172470964,0.012566035392079936,0.0029003950101891387,0.011766812000296,0.011049870134616835,0.012566035392079756,0.002029267823708283,0.01176681200029606,0.008674315770969124,0.008443006062215827,0.008764393957120049,0.0086697420859218,0.009001359846618916,0.00855272713444712,0.012252574995486473],