{"5":[4.786071742569535e-6,9.953654927125034e-7,1.226795828774496e-6,1.2432943563489988e-11,4.002892798011169e-5,1.646762659936307e-6,4.786071742803983e-6,4.786071743032011e-6,1.7160757951342028e-5,1.8977686113187025e-5,3.105201563920087e-6,4.786071742786409e-6,9.953654925556117e-7,1.226795828722799e-6,6.444271740032855e-7,6.595921792849751e-6,6.492487245511009e-6,7.031105627269487e-6,7.02852379490914e-6,6.938526111166717e-6,6.830887063635831e-6,6.9701229048814695e-6,7.173250471461741e-6,4.002892798032662e-5,1.2827351654689337e-5,4.7860717428510614e-6,9.953654925960524e-7,4.0605766838680224e-7,2.3114826053392487e-6,3.282766491506584e-6,1.6467626600308156e-6,1.2267958285843616e-6,6.44427173803362e-7,6.595921792706234e-6,6.824908564038771e-6,4.786071742914081e-6,1.7160757951480955e-5,7.009029930001613e-5,4.0028927980146045e-5,1.282735165460322e-5,6.923731881961382e-7,6.073635068480094e-6,6.429888964545651e-6,7.268004956085559e-6,5.825147067182379e-7,1.2267958285016285e-6,6.073635068155393e-6,5.832478595414673e-6,6.492487245711167e-6,7.031105627264071e-6,7.220459046307285e-6],"4":[0.0004188949891791526,4.104905062184177e-5,1.0016903410933078e-5,2.3470114740573053e-13,0.004102489306817071,1.0602910954616025e-5,0.0004188949891794035,0.00041889498917960927,0.0011432718112530911,0.00163185419805589,4.471352890762407e-6,0.00041889498917936033,4.1049050621654905e-5,1.0016903410860064e-5,5.267325132926457e-7,2.1484563935225214e-5,1.937777844839929e-5,2.280263111266373e-5,4.814204846524656e-7,2.2894277287490225e-5,4.5457184140253767e-7,2.256218230488997e-5,2.2648442108365458e-5,0.00410248930681727,0.0010641683488301285,0.00041889498917943645,4.1049050621701525e-5,5.069879617830195e-5,0.0003346606552018233,0.00043738267912756684,1.0602910954708155e-5,1.001690341072859e-5,5.267325131100186e-7,2.1484563935109486e-5,4.7007963588600735e-7,0.0004188949891794911,0.0011432718112532236,7.094092459210822e-5,0.004102489306817104,0.0010641683488300231,8.302425233756291e-6,1.824544358260471e-5,1.513441491830165e-5,3.8180011716499587e-7,2.364183833212521e-5,1.0016903410628803e-5,1.8245443582296463e-5,1.8558437109495247e-5,1.9377778448593707e-5,2.2802631112641717e-5,4.5816949394339427e-7],"6":[4.5921931601132564e-7,1.2331924760695606e-7,5.892645396753324e-6,3.725460959163343e-8,1.7555233094001326e-6,4.428224015186916e-6,4.5921931624781046e-7,4.592193164346388e-7,4.8850872020200035e-6,3.689501770994842e-6,2.939716400990268e-6,4.5921931621857766e-7,1.233192474277798e-7,5.892645396717586e-6,8.07704579162693e-6,7.5507896894955185e-6,8.849723698146575e-6,8.175238341144386e-6,1.0124426418155818e-5,9.621637699679622e-6,8.48428667576678e-6,8.773010464375564e-6,8.772652028666855e-6,1.7555233095961495e-6,1.6953941844733478e-6,4.592193162725845e-7,1.2331924745911324e-7,3.184334390783562e-7,6.106238627709441e-7,1.655255096889952e-6,4.428224015290217e-6,5.892645396574566e-6,8.077045791455748e-6,7.550789689357882e-6,9.423013176200519e-6,4.5921931634405373e-7,4.885087202129969e-6,3.867781991929871e-6,1.7555233094372462e-6,1.6953941843871779e-6,7.723539161664784e-6,5.5748020294144575e-6,8.963391258473274e-6,8.26078314413262e-6,3.9074068765936575e-6,5.89264539648842e-6,5.574802029056454e-6,7.9129524417021e-6,8.8497236983521e-6,8.175238341122313e-6,9.420905627140984e-6],"7":[4.571172198528285e-7,1.0571405455563338e-6,2.121939667833782e-6,9.261412260842466e-9,2.42566724519332e-6,1.4779783407737661e-6,4.5711722009329775e-7,4.5711722030061753e-7,7.615965219758396e-6,5.813273702296355e-6,5.2786055365329975e-6,4.5711722005230135e-7,1.0571405453790475e-6,2.1219396677417857e-6,2.9857028349322275e-6,5.353192167706873e-7,8.5679351733713e-7,8.39072201794602e-7,1.4438429426373251e-6,1.3238709146903686e-6,9.677247796973176e-7,1.4385872607312258e-6,1.2442057935727281e-6,2.4256672453892083e-6,1.6566180459161712e-6,4.5711722011922373e-7,1.0571405454109908e-6,5.506185296731719e-7,1.730753812230317e-6,2.483553802743359e-6,1.4779783408668292e-6,2.1219396676091268e-6,2.985702834765572e-6,5.353192166659788e-7,1.5527792275929441e-6,4.57117220178577e-7,7.615965219902093e-6,7.418091195128281e-6,2.425667245233869e-6,1.6566180458296053e-6,2.6650876549071253e-6,4.77269495675527e-7,5.761231424167374e-7,1.3436015725168726e-6,3.5840696028299404e-6,2.121939667546314e-6,4.772694953572493e-7,1.048636908962969e-6,8.567935175149934e-7,8.390722017725724e-7,7.08700074899724e-7],"2":[0.048914029630909676,0.042701014060784095,0.00012605627216040184,2.6385654517978434,0.05019425341423331,0.001930787510923032,0.04891402963090992,0.04891402963091015,0.049230967506106026,0.05162381798129352,0.01984751234892454,0.048914029630909885,0.042701014060783936,0.00012605627216036162,5.5618024801924005e-5,3.7153882836820956e-5,1.9541707609628967e-5,0.00012458884127509225,0.00011500489782437077,3.7433769581048104e-5,6.83011099933212e-5,6.473555132351669e-5,7.009417694558409e-5,0.05019425341423354,0.04422243089234248,0.04891402963090995,0.04270101406078396,0.04860604193453179,0.05217411687791175,0.05432710344929445,0.001930787510923143,0.00012605627216023574,5.5618024801735246e-5,3.7153882836672204e-5,2.202747285129787e-5,0.04891402963091002,0.04923096750610617,5.366635737485783e-6,0.05019425341423335,0.044222430892342374,0.0005573178049935125,5.7442334959536775e-5,7.072022046026238e-5,6.982941751956014e-5,0.00290516750329668,0.00012605627216013795,5.744233495922279e-5,1.7743889884013316e-5,1.9541707609823636e-5,0.00012458884127504303,0.0001137406224277365],"3":[0.0016642043325104093,0.0003344379639047314,2.7531503392554005e-6,5.2381192232949935e-8,0.0065687222871822805,0.00010736458918310322,0.0016642043325106443,0.0016642043325108362,0.0038219985895486808,0.0015237694525087218,0.00010445935153383676,0.0016642043325105873,0.0003344379639045434,2.7531503391694774e-6,6.358041983683371e-6,4.1486733384783785e-5,1.8160419507193336e-5,2.8339872041309417e-5,2.2760788584770623e-5,2.7128134104693403e-5,2.4507601865626782e-5,2.4880250165498904e-5,2.4088173003092392e-5,0.006568722287182485,0.0014063672626617651,0.0016642043325106662,0.0003344379639045755,0.0001542632359545683,0.00014773296050680994,0.00018801455097359546,0.00010736458918320546,2.7531503390701645e-6,6.358041983517217e-6,4.148673338464623e-5,1.0740906025924122e-5,0.0016642043325107222,0.0038219985895488213,1.3636488024310338e-5,0.006568722287182312,0.0014063672626616725,4.677809249209892e-5,3.424748911692394e-5,4.0015093080940656e-7,3.966852132920951e-5,0.00021614843885675724,2.753150338983049e-6,3.424748911661594e-5,1.84763293913556e-5,1.8160419507387733e-5,2.833987204128719e-5,2.4143193045121408e-5],"1":[0.22622555475987444,0.2113975153260532,0.2518950681053966,3.9513828174574575,0.22682948673893116,0.2532953785243647,0.22622555475987471,0.22622555475987505,0.21561094018468224,0.21539217650627693,0.27358575461373225,0.22622555475987471,0.21139751532605308,0.2518950681053965,0.25306637702442897,0.2536200012071543,0.25396260904353807,0.2541793456022768,0.254261176440582,0.2542960785019621,0.2543141596199562,0.2543182470655378,0.25431890799084783,0.22682948673893139,0.2124971536904757,0.22622555475987483,0.21139751532605305,0.21328390876210798,0.21527298806953424,0.21663194248124212,0.2532953785243648,0.25189506810539636,0.25306637702442875,0.2536200012071541,0.253995724646834,0.22622555475987488,0.2156109401846824,1.5058283797053895,0.22682948673893116,0.21249715369047562,0.2526760330581772,0.25286290649043375,0.253730983206861,0.25399437004602693,0.2541932093573557,0.2518950681053962,0.2528629064904333,0.25387019839847447,0.25396260904353835,0.2541793456022768,0.2542546326380122]}