{"5":[0.004888855077150587,0.0031651592653262517,0.0109958712374533,0.0027267221603402354,0.004120092880880843,0.007786765518791561,0.004888855077150841,0.0048888550771510435,0.0073077585354131645,0.008878124227534966,0.021113118209076156,0.0048888550771508076,0.0031651592653260978,0.010995871237453254,0.005065448621441848,0.00489277291341721,0.00556829972000062,0.005840704654703784,0.005188938153544893,0.006307188326235049,0.005836421582605807,0.005631169284611282,0.004738177670380251,0.004120092880881053,0.005043176622196785,0.004888855077150866,0.003165159265326136,0.005323951024593647,0.008189425996336144,0.009010640263847618,0.0077867655187916765,0.01099587123745311,0.005065448621441671,0.004892772913417063,0.005281847399404545,0.004888855077150934,0.007307758535413297,0.017125972663665327,0.004120092880880879,0.005043176622196708,0.0019523006900837936,0.0017191605243187299,0.005999949757046796,0.005256402147049397,0.008125093057143035,0.01099587123745305,0.0017191605243183552,0.004847902473007459,0.0055682997200008424,0.005840704654703783,0.005928791056332431],"4":[0.0017357441040756006,0.0011577826856015308,0.0023454309751270155,0.01165174710280847,0.01722889248708947,0.0087905826511203,0.0017357441040758551,0.0017357441040760646,0.005749189320343879,0.007533102389325038,0.030161781177617766,0.0017357441040758074,0.0011577826856013598,0.002345430975126974,0.0077125166990889265,0.007893995040392945,0.009160917744929612,0.009962936554204013,0.009693430807866023,0.00972243979592774,0.009721692618017294,0.009526769706846504,0.009553584340366733,0.01722889248708968,0.004261938449519039,0.0017357441040758777,0.0011577826856013875,0.004617215694061041,0.007561587616000182,0.004577385028883249,0.00879058265112039,0.002345430975126815,0.007712516699088737,0.007893995040392798,0.00981190356489682,0.0017357441040759497,0.005749189320344036,0.02955449608767638,0.017228892487089514,0.004261938449518938,0.005435693067036078,0.006217736368233945,0.00901101576387541,0.008937009156901637,0.007861713934703501,0.002345430975126717,0.0062177363682336196,0.008278202778880013,0.009160917744929822,0.009962936554204002,0.010071563763450938],"6":[0.0022234624448177497,0.0007470326022055284,0.0067807228573138235,0.004356214297281547,0.005775516460197276,0.023183647640743352,0.002223462444817984,0.002223462444818203,0.004995462928062415,0.0017158575747139035,0.011676325425450232,0.002223462444817954,0.0007470326022053623,0.006780722857313783,0.0010385136143010595,0.010369675889776693,0.0017010948075546991,0.0013341458414082895,0.0014007199970266719,0.001160907838938571,0.00123788607482511,0.0012396671037226959,0.002378010606185449,0.005775516460197484,0.0022933390048879764,0.002223462444818019,0.0007470326022054022,0.0009387431363114947,0.0008746084754197117,0.0005095618617096573,0.02318364764074346,0.00678072285731365,0.0010385136143008927,0.010369675889776537,0.0014462834040739159,0.002223462444818084,0.004995462928062579,0.019277240578473107,0.005775516460197309,0.0022933390048878984,0.005761483320825884,0.001067196456032978,0.0012045444178057083,0.0013281501071614249,0.01867294795119811,0.006780722857313537,0.0010671964560326258,0.0012235676144078268,0.001701094807554877,0.001334145841408278,0.0012713682947983996],"7":[0.0012349381035628758,0.0007333254619762636,0.001944383958187241,0.0030974329032733105,0.005370091587178653,0.0028699321502007047,0.0012349381035631282,0.001234938103563332,0.0026784340666416895,0.004720326801085126,0.00663776813021298,0.001234938103563104,0.0007333254619761016,0.0019443839581872017,0.008436525723808255,0.0033964345176868372,0.002471936565546883,0.002441572270206436,0.0019514046064769497,0.0022892915353817035,0.0026034143240801894,0.0025786461138603525,0.0019464491945801264,0.0053700915871788485,0.0030141904198688466,0.0012349381035631577,0.0007333254619761349,0.0019232615339391896,0.001307519964093967,0.0013639226752555442,0.002869932150200825,0.0019443839581870532,0.008436525723808088,0.003396434517686715,0.0021896958292356356,0.001234938103563235,0.002678434066641815,0.019735487116227378,0.005370091587178678,0.0030141904198687655,0.0052527292655088365,0.0034685404484187284,0.004074582501041816,0.002021836703757179,0.010749510024700768,0.0019443839581869836,0.003468540448418376,0.0035099773715667553,0.0024719365655470546,0.0024415722702064257,0.0018311213729007131],"2":[0.3564171981207007,0.3412670811313768,0.16150936162807322,0.0025251907205581367,0.35714701399290155,0.16380648828630243,0.3564171981207011,0.35641719812070144,0.3456028860746114,0.34503793279782563,0.18643115459352516,0.35641719812070105,0.34126708113137666,0.16150936162807314,0.16212611336861454,0.16249730119624742,0.16277288782234614,0.1629749562881985,0.16312913385199435,0.16315893522235766,0.1631736960445487,0.16304353842143354,0.1631777937526413,0.35714701399290183,0.3423849236095504,0.35641719812070105,0.34126708113137666,0.342992678884807,0.344919684210921,0.3463338489430227,0.16380648828630254,0.16150936162807297,0.16212611336861427,0.16249730119624722,0.16279933295983115,0.3564171981207013,0.34560288607461165,1.9105016022886243,0.3571470139929016,0.34238492360955025,0.16224881742906974,0.16193011208693106,0.16270221570308258,0.16280216111594042,0.1642880749609461,0.1615093616280729,0.1619301120869307,0.16258470790500973,0.1627728878223464,0.16297495628819852,0.163123907570367],"3":[0.00861960579251109,0.0014397307540570895,0.002778438713065964,0.003937216217158937,0.009830569584889934,0.012971005312517186,0.00861960579251135,0.00861960579251155,0.007692209213294088,0.009973453135445402,0.05076563772192401,0.00861960579251132,0.001439730754056926,0.0027784387130659295,0.0016860026186098233,0.0013056876600894348,0.0014035090117970892,0.0012146615154571762,0.0013044245196265638,0.0013603629873208505,0.0013697279108454796,0.0013725497137289182,0.0013726909807998855,0.009830569584890123,0.002902715941870331,0.008619605792511375,0.00143973075405696,0.00912522976753951,0.010194310121484584,0.012894884977354137,0.01297100531251726,0.002778438713065803,0.001686002618609653,0.0013056876600893348,0.0014055843496592513,0.00861960579251145,0.007692209213294224,0.049166805328457415,0.009830569584889964,0.0029027159418702347,0.002231030650399678,0.001568874004962124,0.0009894206925510926,0.0014138129968988742,0.011206511219198394,0.002778438713065699,0.0015688740049617945,0.001281459946556622,0.001403509011797306,0.001214661515457165,0.0013012987110304704],"1":[0.35595745063102124,0.3408276923346122,0.16179732831201815,8.608657419165535,0.35655767500459806,0.16408082146551997,0.3559574506310216,0.35595745063102185,0.3450380606932747,0.34466998603052473,0.18668145578736003,0.35595745063102147,0.34082769233461196,0.16179732831201804,0.16251416530941232,0.16295507810048002,0.1632309266863481,0.16338279074941686,0.16345009731919793,0.16348002754745633,0.16349477816540378,0.163498456411874,0.16349889752507904,0.3565576750045983,0.3419295423471991,0.3559574506310216,0.340827692334612,0.3426008063284589,0.344551858157807,0.34588901476639333,0.16408082146552005,0.1617973283120179,0.16251416530941207,0.16295507810047982,0.16325728559238942,0.35595745063102163,0.3450380606932749,1.9090209182029791,0.35655767500459806,0.3419295423471989,0.1623900644338834,0.16238647219751898,0.16303847276937936,0.16326054845425345,0.16472759691667502,0.16179732831201785,0.1623864721975186,0.16292134682165557,0.16323092668634834,0.16338279074941686,0.16344488800570237]}